{
  "project_info": {
    "project_number": "78396589600",
    "firebase_url": "https://fcm-push-99edf.firebaseio.com",
    "project_id": "fcm-push-99edf",
    "storage_bucket": "fcm-push-99edf.appspot.com"
  },
  "client": [
    {
      "client_info": {
        "mobilesdk_app_id": "1:78396589600:android:ffe29b14450b090f",
        "android_client_info": {
          "package_name": "com.dfrobot.angelo.blunobasicdemo"
        }
      },
      "oauth_client": [
        {
          "client_id": "78396589600-n8lhi717ehqhsipkl3lbt8aactg1br2e.apps.googleusercontent.com",
          "client_type": 3
        },
        {
          "client_id": "78396589600-n8lhi717ehqhsipkl3lbt8aactg1br2e.apps.googleusercontent.com",
          "client_type": 3
        }
      ],
      "api_key": [
        {
          "current_key": "AIzaSyA8F65s0uFacq9TFfSlkLCpT3s0uVo5Ryg"
        }
      ],
      "services": {
        "analytics_service": {
          "status": 1
        },
        "appinvite_service": {
          "status": 1,
          "other_platform_oauth_client": []
        },
        "ads_service": {
          "status": 2
        }
      }
    }
  ],
  "configuration_version": "1"
}